GCA_000017945-FLGBHGLA_05590	WP_011752735.1	31.215	535	323	11	18	540	10	511	9.08e-70	231
GCA_000017945-FLGBHGLA_05590	WP_014737566.1	31.068	515	321	11	34	540	26	514	9.49e-67	223
GCA_000017945-FLGBHGLA_05590	WP_028845048.1	30.871	528	332	12	16	540	23	520	1.08e-66	223
GCA_000017945-FLGBHGLA_05590	WP_020962956.1	30.361	527	336	11	20	540	11	512	2.39e-65	219
GCA_000017945-FLGBHGLA_05590	WP_012571983.1	30.680	515	326	11	27	539	30	515	3.85e-62	210
GCA_000017945-FLGBHGLA_05590	WP_013413704.1	29.134	508	333	10	39	540	23	509	1.91e-61	208
GCA_000017945-FLGBHGLA_05590	WP_028842781.1	30.203	543	344	13	1	540	9	519	4.94e-61	207
GCA_000017945-FLGBHGLA_05590	WP_012545774.1	30.018	543	345	13	1	540	9	519	1.52e-60	206
GCA_000017945-FLGBHGLA_05590	WP_005210163.1	30.914	372	244	5	170	540	1	360	4.95e-59	197
GCA_000017945-FLGBHGLA_05590	WP_015857684.1	32.150	507	308	14	41	540	71	548	1.23e-58	202
GCA_000017945-FLGBHGLA_05590	WP_014737671.1	30.632	506	320	9	32	536	42	517	2.25e-58	200
GCA_000017945-FLGBHGLA_05590	WP_013561596.1	30.741	540	321	14	14	540	28	527	5.82e-58	199
GCA_000017945-FLGBHGLA_05590	WP_013515288.1	35.526	380	213	9	170	540	3	359	6.39e-58	194
GCA_000017945-FLGBHGLA_05590	WP_012571234.1	32.075	477	286	12	69	540	109	552	7.14e-58	200
GCA_000017945-FLGBHGLA_05590	WP_014123101.1	28.626	524	343	9	18	539	21	515	1.26e-57	198
GCA_000017945-FLGBHGLA_05590	WP_013876883.1	32.684	462	282	9	81	540	107	541	2.27e-57	198
GCA_000017945-FLGBHGLA_05590	WP_013400781.1	32.684	462	282	9	81	540	107	541	2.57e-57	198
GCA_000017945-FLGBHGLA_05590	WP_011388069.1	30.867	473	302	9	69	540	84	532	3.31e-57	197
GCA_000017945-FLGBHGLA_05590	WP_025773400.1	30.550	491	288	12	64	540	90	541	7.52e-56	194
GCA_000017945-FLGBHGLA_05590	WP_013128928.1	30.206	533	331	12	14	540	27	524	1.14e-55	193
GCA_000017945-FLGBHGLA_05590	WP_008528233.1	32.353	374	238	4	171	540	8	370	1.71e-55	189
GCA_000017945-FLGBHGLA_05590	WP_022106764.1	33.065	372	236	4	169	540	3	361	2.35e-55	187
GCA_000017945-FLGBHGLA_05590	WP_013329507.1	31.903	373	240	6	175	540	15	380	2.41e-55	189
GCA_000017945-FLGBHGLA_05590	WP_011737331.1	33.060	366	232	4	175	540	8	360	2.59e-55	189
GCA_000017945-FLGBHGLA_05590	WP_018125731.1	34.140	372	226	7	171	540	4	358	3.29e-55	187
GCA_000017945-FLGBHGLA_05590	WP_008908605.1	31.016	374	241	6	170	540	1	360	4.89e-55	186
GCA_000017945-FLGBHGLA_05590	WP_015414775.1	34.584	373	224	9	171	540	4	359	9.47e-55	186
GCA_000017945-FLGBHGLA_05590	WP_014254276.1	33.514	370	231	5	171	540	5	359	1.25e-54	185
GCA_000017945-FLGBHGLA_05590	WP_015789964.1	32.095	377	235	5	171	540	8	370	1.68e-54	187
GCA_000017945-FLGBHGLA_05590	WP_012415297.1	33.875	369	229	5	173	540	6	360	2.35e-54	186
GCA_000017945-FLGBHGLA_05590	WP_005213155.1	32.162	370	236	5	171	540	12	366	4.28e-54	184
GCA_000017945-FLGBHGLA_05590	WP_022661459.1	32.796	372	233	7	171	540	4	360	7.01e-54	183
GCA_000017945-FLGBHGLA_05590	WP_012608688.1	30.019	523	316	12	29	540	41	524	7.38e-54	188
GCA_000017945-FLGBHGLA_05590	WP_015284192.1	31.522	368	240	4	173	540	6	361	8.11e-54	184
GCA_000017945-FLGBHGLA_05590	WP_013756005.1	31.608	367	235	7	175	540	14	365	8.82e-54	183
GCA_000017945-FLGBHGLA_05590	WP_011449544.1	30.214	374	246	6	175	540	12	378	9.61e-54	184
GCA_000017945-FLGBHGLA_05590	WP_014323623.1	34.048	373	226	9	171	540	4	359	9.83e-54	183
GCA_000017945-FLGBHGLA_05590	WP_022739022.1	29.921	508	332	9	35	540	58	543	1.01e-53	188
GCA_000017945-FLGBHGLA_05590	WP_014767907.1	30.364	494	298	10	57	540	67	524	1.81e-53	187
GCA_000017945-FLGBHGLA_05590	WP_028027490.1	29.724	508	333	9	35	540	57	542	2.10e-53	187
GCA_000017945-FLGBHGLA_05590	WP_028587759.1	33.154	371	231	6	171	540	4	358	4.55e-53	181
GCA_000017945-FLGBHGLA_05590	WP_013560598.1	31.793	368	238	4	173	540	9	363	5.32e-53	182
GCA_000017945-FLGBHGLA_05590	WP_011139635.1	29.560	477	306	10	69	540	93	544	6.78e-53	186
GCA_000017945-FLGBHGLA_05590	WP_027723401.1	35.135	370	225	6	171	540	4	358	7.48e-53	181
GCA_000017945-FLGBHGLA_05590	WP_025345477.1	29.979	477	304	10	69	540	93	544	7.65e-53	186
GCA_000017945-FLGBHGLA_05590	WP_014558423.1	31.027	477	292	12	69	540	92	536	8.98e-53	186
GCA_000017945-FLGBHGLA_05590	WP_023384105.1	29.474	475	308	12	69	540	97	547	1.07e-52	186
GCA_000017945-FLGBHGLA_05590	WP_011389179.1	32.425	367	234	6	175	540	8	361	1.09e-52	180
GCA_000017945-FLGBHGLA_05590	WP_024832561.1	32.432	370	236	5	171	540	4	359	1.43e-52	180
GCA_000017945-FLGBHGLA_05590	WP_010937737.1	34.492	374	222	10	171	540	4	358	1.61e-52	180
GCA_000017945-FLGBHGLA_05590	WP_018661973.1	30.328	366	243	4	175	540	7	360	1.88e-52	179
GCA_000017945-FLGBHGLA_05590	WP_003514863.1	31.351	370	239	7	171	540	5	359	1.95e-52	179
GCA_000017945-FLGBHGLA_05590	WP_008384313.1	30.801	487	292	11	65	540	91	543	2.25e-52	184
GCA_000017945-FLGBHGLA_05590	WP_016310471.1	29.528	508	334	9	35	540	57	542	2.36e-52	184
GCA_000017945-FLGBHGLA_05590	WP_028246016.1	32.791	369	225	7	176	540	10	359	2.72e-52	179
GCA_000017945-FLGBHGLA_05590	WP_028573897.1	31.081	370	240	5	171	540	4	358	2.82e-52	179
GCA_000017945-FLGBHGLA_05590	WP_015926708.1	32.162	370	237	5	171	540	4	359	2.95e-52	179
GCA_000017945-FLGBHGLA_05590	WP_028536385.1	31.866	477	296	11	67	540	89	539	3.78e-52	184
GCA_000017945-FLGBHGLA_05590	WP_018609272.1	30.625	480	298	11	67	540	89	539	4.45e-52	184
GCA_000017945-FLGBHGLA_05590	WP_004038443.1	31.117	376	247	6	171	540	11	380	4.67e-52	180
GCA_000017945-FLGBHGLA_05590	WP_012857629.1	29.979	477	304	10	69	540	93	544	4.71e-52	184
GCA_000017945-FLGBHGLA_05590	WP_013467422.1	29.352	494	314	11	51	539	52	515	5.22e-52	183
GCA_000017945-FLGBHGLA_05590	WP_013905846.1	30.603	464	280	13	84	540	117	545	5.41e-52	184
GCA_000017945-FLGBHGLA_05590	WP_013129492.1	34.133	375	221	9	175	540	17	374	5.91e-52	179
GCA_000017945-FLGBHGLA_05590	WP_028241974.1	32.603	365	231	5	176	540	10	359	6.70e-52	178
GCA_000017945-FLGBHGLA_05590	WP_012199760.1	31.892	370	237	7	171	540	5	359	7.35e-52	178
GCA_000017945-FLGBHGLA_05590	WP_029010114.1	31.198	484	294	11	65	540	87	539	9.11e-52	183
GCA_000017945-FLGBHGLA_05590	WP_028234750.1	32.329	365	232	5	176	540	10	359	1.10e-51	177
GCA_000017945-FLGBHGLA_05590	WP_015336113.1	33.784	370	230	6	171	540	4	358	1.20e-51	177
GCA_000017945-FLGBHGLA_05590	WP_011751858.1	29.140	477	303	11	69	540	90	536	1.23e-51	182
GCA_000017945-FLGBHGLA_05590	WP_004618281.1	32.708	373	231	7	171	540	4	359	1.52e-51	177
GCA_000017945-FLGBHGLA_05590	WP_007524167.1	33.244	373	228	8	171	540	4	358	1.61e-51	177
GCA_000017945-FLGBHGLA_05590	WP_022587809.1	32.120	467	279	11	81	540	108	543	1.67e-51	182
GCA_000017945-FLGBHGLA_05590	WP_005760524.1	30.962	478	298	11	67	540	95	544	2.08e-51	182
GCA_000017945-FLGBHGLA_05590	WP_012543586.1	30.601	366	242	3	175	540	7	360	2.10e-51	177
GCA_000017945-FLGBHGLA_05590	WP_018962513.1	30.645	372	243	5	169	540	5	361	2.31e-51	177
GCA_000017945-FLGBHGLA_05590	WP_027624751.1	31.452	372	242	6	170	540	1	360	3.67e-51	176
GCA_000017945-FLGBHGLA_05590	WP_029967123.1	32.703	370	234	5	171	540	4	358	4.81e-51	176
GCA_000017945-FLGBHGLA_05590	WP_029095340.1	30.753	478	299	10	67	540	89	538	5.34e-51	181
GCA_000017945-FLGBHGLA_05590	WP_018963227.1	30.874	366	241	3	175	540	7	360	5.78e-51	176
GCA_000017945-FLGBHGLA_05590	WP_027308223.1	29.781	366	245	4	175	540	7	360	5.84e-51	176
GCA_000017945-FLGBHGLA_05590	WP_013432390.1	31.892	370	237	5	171	540	5	359	7.31e-51	175
GCA_000017945-FLGBHGLA_05590	WP_014770116.1	29.350	477	307	10	69	540	93	544	8.00e-51	181
GCA_000017945-FLGBHGLA_05590	WP_026486855.1	31.720	372	239	5	169	540	3	359	1.21e-50	175
GCA_000017945-FLGBHGLA_05590	WP_013121779.1	31.148	366	239	4	175	540	8	360	1.23e-50	175
GCA_000017945-FLGBHGLA_05590	WP_004628623.1	32.258	372	234	6	171	540	4	359	1.36e-50	174
GCA_000017945-FLGBHGLA_05590	WP_015853104.1	33.514	370	231	6	171	540	4	358	1.38e-50	174
GCA_000017945-FLGBHGLA_05590	WP_013825480.1	33.423	371	222	6	175	540	5	355	1.50e-50	176
GCA_000017945-FLGBHGLA_05590	WP_015720170.1	32.703	370	234	5	171	540	4	358	1.66e-50	174
GCA_000017945-FLGBHGLA_05590	WP_029228227.1	31.622	370	238	5	171	540	5	359	1.76e-50	174
GCA_000017945-FLGBHGLA_05590	WP_008388614.1	31.620	389	247	7	158	540	2	377	1.95e-50	175
GCA_000017945-FLGBHGLA_05590	WP_013403527.1	31.622	370	238	5	171	540	5	359	2.23e-50	174
GCA_000017945-FLGBHGLA_05590	WP_027178908.1	32.973	370	233	5	171	540	4	358	2.27e-50	174
GCA_000017945-FLGBHGLA_05590	WP_012572531.1	30.349	458	289	9	84	540	126	554	2.38e-50	179
GCA_000017945-FLGBHGLA_05590	WP_012969568.1	32.796	372	236	6	169	540	3	360	2.56e-50	174
GCA_000017945-FLGBHGLA_05590	WP_024346172.1	31.806	371	236	8	171	540	5	359	2.63e-50	174
GCA_000017945-FLGBHGLA_05590	WP_008860581.1	31.635	373	240	6	169	540	3	361	2.73e-50	174
GCA_000017945-FLGBHGLA_05590	WP_028841464.1	32.791	369	231	6	175	540	11	365	3.08e-50	174
GCA_000017945-FLGBHGLA_05590	WP_001102339.1	30.672	476	299	10	69	540	91	539	3.32e-50	179
GCA_000017945-FLGBHGLA_05590	WP_027397032.1	29.437	462	295	9	81	540	63	495	3.38e-50	177
GCA_000017945-FLGBHGLA_05590	WP_021758533.1	33.602	372	228	7	171	540	4	358	3.50e-50	173
GCA_000017945-FLGBHGLA_05590	WP_026835345.1	31.622	370	238	5	171	540	5	359	3.70e-50	173
GCA_000017945-FLGBHGLA_05590	WP_012802521.1	28.235	510	339	11	35	540	57	543	4.01e-50	178
GCA_000017945-FLGBHGLA_05590	WP_015536221.1	31.507	365	235	5	176	540	10	359	4.02e-50	173
GCA_000017945-FLGBHGLA_05590	WP_027631079.1	31.989	372	235	6	171	540	4	359	4.41e-50	173
GCA_000017945-FLGBHGLA_05590	WP_012745069.1	31.148	366	240	4	175	540	9	362	5.17e-50	174
GCA_000017945-FLGBHGLA_05590	WP_005542188.1	30.544	478	296	11	69	540	97	544	5.31e-50	178
GCA_000017945-FLGBHGLA_05590	WP_014042067.1	31.622	370	238	5	171	540	5	359	5.59e-50	173
GCA_000017945-FLGBHGLA_05590	WP_023992259.1	32.527	372	224	6	175	540	5	355	5.73e-50	173
GCA_000017945-FLGBHGLA_05590	WP_024955559.1	28.778	483	302	11	69	540	93	544	5.94e-50	178
GCA_000017945-FLGBHGLA_05590	WP_011474970.1	30.992	484	295	12	65	540	87	539	6.78e-50	178
GCA_000017945-FLGBHGLA_05590	WP_020887613.1	32.345	371	234	7	171	540	4	358	7.51e-50	172
GCA_000017945-FLGBHGLA_05590	WP_014122941.1	31.303	476	294	12	69	540	123	569	7.93e-50	178
GCA_000017945-FLGBHGLA_05590	WP_013290727.1	31.081	370	240	5	171	540	5	359	8.02e-50	172
GCA_000017945-FLGBHGLA_05590	WP_001102284.1	30.208	480	296	10	69	540	91	539	8.38e-50	177
GCA_000017945-FLGBHGLA_05590	WP_020879492.1	32.703	370	234	5	171	540	4	358	1.03e-49	172
GCA_000017945-FLGBHGLA_05590	WP_007473606.1	29.114	474	313	8	69	540	94	546	1.23e-49	177
GCA_000017945-FLGBHGLA_05590	WP_015857865.1	31.303	476	294	12	69	540	125	571	1.31e-49	177
GCA_000017945-FLGBHGLA_05590	WP_022856172.1	32.249	369	233	6	175	540	11	365	1.40e-49	172
GCA_000017945-FLGBHGLA_05590	WP_015051661.1	29.832	476	303	10	69	540	97	545	1.48e-49	177
GCA_000017945-FLGBHGLA_05590	WP_011917066.1	31.351	370	239	5	171	540	5	359	1.54e-49	172
GCA_000017945-FLGBHGLA_05590	WP_024953588.1	29.325	474	311	9	69	540	94	545	1.56e-49	177
GCA_000017945-FLGBHGLA_05590	WP_028572004.1	33.244	373	228	9	171	540	4	358	1.70e-49	172
GCA_000017945-FLGBHGLA_05590	WP_028576381.1	30.997	371	239	8	171	540	3	357	1.74e-49	172
GCA_000017945-FLGBHGLA_05590	WP_010251151.1	31.622	370	238	6	171	540	5	359	1.76e-49	172
GCA_000017945-FLGBHGLA_05590	WP_005645455.1	29.916	478	299	10	69	540	97	544	2.16e-49	176
GCA_000017945-FLGBHGLA_05590	WP_001102290.1	30.208	480	296	10	69	540	91	539	2.20e-49	176
GCA_000017945-FLGBHGLA_05590	WP_015902767.1	30.000	370	246	5	171	540	3	359	2.39e-49	171
GCA_000017945-FLGBHGLA_05590	WP_009368261.1	32.708	373	223	7	175	540	11	362	2.47e-49	171
GCA_000017945-FLGBHGLA_05590	WP_015282154.1	31.622	370	239	5	171	540	5	360	2.61e-49	171
GCA_000017945-FLGBHGLA_05590	WP_005582638.1	29.810	473	303	10	69	540	83	527	2.92e-49	175
GCA_000017945-FLGBHGLA_05590	WP_014065500.1	30.126	478	298	11	69	540	97	544	2.92e-49	176
GCA_000017945-FLGBHGLA_05590	WP_021015295.1	31.224	474	299	10	69	540	95	543	3.28e-49	176
GCA_000017945-FLGBHGLA_05590	WP_011833332.1	32.181	376	239	7	173	540	9	376	3.34e-49	172
GCA_000017945-FLGBHGLA_05590	WP_014777057.1	31.926	379	230	5	169	540	3	360	3.63e-49	171
GCA_000017945-FLGBHGLA_05590	WP_005703984.1	30.335	478	297	11	69	540	97	544	4.03e-49	176
GCA_000017945-FLGBHGLA_05590	WP_026892028.1	30.541	370	242	6	171	540	5	359	5.23e-49	170
GCA_000017945-FLGBHGLA_05590	WP_025820124.1	30.561	481	300	10	67	540	98	551	6.00e-49	175
GCA_000017945-FLGBHGLA_05590	WP_027275601.1	31.172	478	297	11	67	540	89	538	6.01e-49	175
GCA_000017945-FLGBHGLA_05590	WP_014183752.1	30.380	474	299	12	69	540	82	526	6.50e-49	174
GCA_000017945-FLGBHGLA_05590	WP_005028008.1	32.440	373	224	7	175	540	11	362	6.70e-49	170
GCA_000017945-FLGBHGLA_05590	WP_006536160.1	29.645	479	300	11	69	540	97	545	6.88e-49	175
GCA_000017945-FLGBHGLA_05590	WP_005662523.1	30.691	391	241	8	166	540	1	377	7.06e-49	171
GCA_000017945-FLGBHGLA_05590	WP_007242420.1	30.126	478	302	9	67	540	95	544	7.42e-49	175
GCA_000017945-FLGBHGLA_05590	WP_027203889.1	31.622	370	238	6	171	540	5	359	9.71e-49	169
GCA_000017945-FLGBHGLA_05590	WP_001102300.1	30.000	480	297	10	69	540	91	539	1.01e-48	174
GCA_000017945-FLGBHGLA_05590	WP_011305188.1	31.081	370	241	5	171	540	3	358	1.03e-48	169
GCA_000017945-FLGBHGLA_05590	WP_027099538.1	31.250	368	236	7	175	540	7	359	1.19e-48	169
GCA_000017945-FLGBHGLA_05590	WP_027187553.1	30.245	367	240	5	175	540	13	364	1.26e-48	169
GCA_000017945-FLGBHGLA_05590	WP_004066458.1	31.283	374	243	5	175	540	13	380	1.44e-48	171
GCA_000017945-FLGBHGLA_05590	WP_004077410.1	29.759	373	248	6	175	540	14	379	1.46e-48	171
GCA_000017945-FLGBHGLA_05590	WP_009077323.1	29.354	511	332	12	34	540	55	540	1.50e-48	174
GCA_000017945-FLGBHGLA_05590	WP_027187946.1	31.183	372	237	6	171	540	4	358	1.51e-48	169
GCA_000017945-FLGBHGLA_05590	WP_020826906.1	30.105	475	303	11	69	540	88	536	1.53e-48	174
GCA_000017945-FLGBHGLA_05590	WP_026651247.1	31.694	366	233	7	176	540	10	359	2.06e-48	169
GCA_000017945-FLGBHGLA_05590	WP_010936594.1	31.267	371	239	6	171	540	4	359	2.08e-48	169
GCA_000017945-FLGBHGLA_05590	WP_027406274.1	30.303	462	291	9	81	540	63	495	2.32e-48	172
GCA_000017945-FLGBHGLA_05590	WP_011843203.1	31.233	365	236	5	176	540	10	359	2.40e-48	169
GCA_000017945-FLGBHGLA_05590	WP_011839350.1	29.263	475	300	10	68	540	84	524	2.45e-48	173
GCA_000017945-FLGBHGLA_05590	WP_006362270.1	29.354	511	332	12	34	540	55	540	2.58e-48	173
GCA_000017945-FLGBHGLA_05590	WP_005871901.1	28.033	478	320	8	65	540	89	544	2.80e-48	173
GCA_000017945-FLGBHGLA_05590	WP_020505780.1	28.118	473	313	9	69	540	81	527	2.85e-48	173
GCA_000017945-FLGBHGLA_05590	WP_007070913.1	29.459	370	248	4	171	540	5	361	3.03e-48	168
GCA_000017945-FLGBHGLA_05590	WP_010868591.1	30.462	476	298	11	69	540	111	557	3.08e-48	173
GCA_000017945-FLGBHGLA_05590	WP_019839258.1	28.598	542	347	13	10	540	28	540	3.30e-48	173
GCA_000017945-FLGBHGLA_05590	WP_013411862.1	31.081	370	240	5	171	540	5	359	3.30e-48	168
GCA_000017945-FLGBHGLA_05590	WP_004592818.1	30.688	378	225	9	175	540	5	357	3.40e-48	168
GCA_000017945-FLGBHGLA_05590	WP_015466266.1	29.979	477	304	11	69	540	94	545	3.88e-48	173
GCA_000017945-FLGBHGLA_05590	WP_016538796.1	28.810	479	305	10	69	540	88	537	4.17e-48	173
GCA_000017945-FLGBHGLA_05590	WP_005333319.1	28.598	542	347	13	10	540	28	540	4.23e-48	173
GCA_000017945-FLGBHGLA_05590	WP_027871860.1	31.892	370	237	6	171	540	5	359	4.40e-48	168
GCA_000017945-FLGBHGLA_05590	WP_009113583.1	29.895	475	304	10	69	540	99	547	4.42e-48	173
GCA_000017945-FLGBHGLA_05590	WP_004948138.1	29.684	475	305	11	69	540	88	536	4.66e-48	172
GCA_000017945-FLGBHGLA_05590	WP_028986298.1	29.598	473	304	10	69	540	83	527	4.91e-48	172
GCA_000017945-FLGBHGLA_05590	WP_007370867.1	30.000	480	297	10	69	540	75	523	5.40e-48	172
GCA_000017945-FLGBHGLA_05590	WP_027399701.1	30.000	370	245	6	171	540	5	360	5.71e-48	167
GCA_000017945-FLGBHGLA_05590	WP_013511773.1	28.689	488	321	10	56	540	74	537	6.22e-48	172
GCA_000017945-FLGBHGLA_05590	WP_016308760.1	31.081	370	243	4	171	540	5	362	7.36e-48	167
GCA_000017945-FLGBHGLA_05590	WP_017781337.1	28.782	542	346	14	10	540	28	540	7.79e-48	172
GCA_000017945-FLGBHGLA_05590	WP_014757614.1	31.183	372	242	5	169	540	3	360	7.86e-48	167
GCA_000017945-FLGBHGLA_05590	WP_015872494.1	28.721	477	306	10	69	540	87	534	8.20e-48	172
GCA_000017945-FLGBHGLA_05590	WP_014867437.1	30.411	365	239	5	176	540	10	359	8.50e-48	167
GCA_000017945-FLGBHGLA_05590	WP_002445316.1	30.105	475	303	10	69	540	98	546	8.84e-48	172
GCA_000017945-FLGBHGLA_05590	WP_002436255.1	30.000	480	297	10	69	540	98	546	9.48e-48	172
GCA_000017945-FLGBHGLA_05590	WP_017892850.1	29.536	474	307	9	69	540	88	536	9.67e-48	172
GCA_000017945-FLGBHGLA_05590	WP_012145158.1	29.536	474	307	9	69	540	88	536	1.11e-47	171
GCA_000017945-FLGBHGLA_05590	WP_027431522.1	32.153	367	231	6	176	540	10	360	1.18e-47	167
GCA_000017945-FLGBHGLA_05590	WP_004709176.1	29.938	481	304	11	65	540	112	564	1.22e-47	172
GCA_000017945-FLGBHGLA_05590	WP_012749853.1	33.423	371	230	7	171	540	4	358	1.30e-47	167
GCA_000017945-FLGBHGLA_05590	WP_013623369.1	27.103	535	355	9	10	540	23	526	1.32e-47	171
GCA_000017945-FLGBHGLA_05590	WP_011344721.1	29.700	367	243	5	175	540	8	360	1.38e-47	166
GCA_000017945-FLGBHGLA_05590	WP_005366168.1	30.753	478	303	10	67	540	98	551	1.52e-47	171
GCA_000017945-FLGBHGLA_05590	WP_006720658.1	29.041	365	249	4	176	540	10	364	1.57e-47	166
GCA_000017945-FLGBHGLA_05590	WP_025801577.1	28.782	476	307	10	69	540	88	535	1.66e-47	171
GCA_000017945-FLGBHGLA_05590	WP_028026344.1	30.811	370	244	4	171	540	5	362	1.67e-47	166
GCA_000017945-FLGBHGLA_05590	WP_022739883.1	30.811	370	244	4	171	540	5	362	1.78e-47	166
GCA_000017945-FLGBHGLA_05590	WP_005162305.1	29.769	477	310	9	65	540	112	564	1.83e-47	171
GCA_000017945-FLGBHGLA_05590	WP_008457682.1	28.810	479	305	10	69	540	88	537	1.98e-47	171
GCA_000017945-FLGBHGLA_05590	WP_006818557.1	30.417	480	294	13	69	540	92	539	2.02e-47	171
GCA_000017945-FLGBHGLA_05590	WP_011092831.1	30.208	480	296	11	69	540	98	546	2.10e-47	171
GCA_000017945-FLGBHGLA_05590	WP_019907186.1	31.316	380	231	10	169	540	3	360	2.22e-47	166
GCA_000017945-FLGBHGLA_05590	WP_013296689.1	30.959	365	238	5	176	540	10	360	2.29e-47	166
GCA_000017945-FLGBHGLA_05590	WP_014062054.1	31.316	380	231	10	169	540	6	363	2.69e-47	166
GCA_000017945-FLGBHGLA_05590	WP_007792874.1	28.601	479	306	10	69	540	88	537	2.90e-47	171
GCA_000017945-FLGBHGLA_05590	WP_015284201.1	31.608	367	232	7	176	540	10	359	3.01e-47	166
GCA_000017945-FLGBHGLA_05590	WP_029688128.1	30.959	365	238	7	176	540	10	360	3.05e-47	166
GCA_000017945-FLGBHGLA_05590	WP_004399987.1	31.316	380	231	10	169	540	6	363	3.11e-47	166
GCA_000017945-FLGBHGLA_05590	WP_013809561.1	30.874	366	240	4	175	540	8	360	3.14e-47	166
GCA_000017945-FLGBHGLA_05590	WP_004094701.1	29.249	506	325	9	42	540	33	512	3.16e-47	169
GCA_000017945-FLGBHGLA_05590	WP_027716617.1	33.699	365	227	6	176	540	10	359	3.36e-47	166
GCA_000017945-FLGBHGLA_05590	WP_029009221.1	31.267	371	232	8	175	540	7	359	3.51e-47	166
GCA_000017945-FLGBHGLA_05590	WP_009142078.1	29.679	374	245	6	171	540	5	364	3.52e-47	166
GCA_000017945-FLGBHGLA_05590	WP_013786935.1	30.914	372	243	5	169	540	3	360	3.55e-47	166
GCA_000017945-FLGBHGLA_05590	WP_012124960.1	28.601	479	306	10	69	540	88	537	3.64e-47	170
GCA_000017945-FLGBHGLA_05590	WP_008989674.1	30.689	479	298	10	69	540	100	551	3.69e-47	170
GCA_000017945-FLGBHGLA_05590	WP_006569905.1	31.316	380	231	10	169	540	6	363	3.74e-47	166
GCA_000017945-FLGBHGLA_05590	WP_015741042.1	28.601	479	306	10	69	540	88	537	3.79e-47	170
GCA_000017945-FLGBHGLA_05590	WP_013295617.1	30.108	372	233	6	175	540	5	355	3.81e-47	166
GCA_000017945-FLGBHGLA_05590	WP_020845056.1	29.019	479	304	10	69	540	95	544	3.91e-47	170
GCA_000017945-FLGBHGLA_05590	WP_002461475.1	28.810	479	305	10	69	540	88	537	3.99e-47	170
GCA_000017945-FLGBHGLA_05590	WP_024559362.1	28.810	479	305	10	69	540	88	537	4.23e-47	170
GCA_000017945-FLGBHGLA_05590	WP_014013072.1	32.372	312	206	2	172	478	7	318	4.65e-47	166
GCA_000017945-FLGBHGLA_05590	WP_022632933.1	30.444	473	304	10	69	540	95	543	4.94e-47	170
GCA_000017945-FLGBHGLA_05590	WP_021804850.1	29.854	479	299	11	69	540	98	546	5.01e-47	170
GCA_000017945-FLGBHGLA_05590	WP_005315165.1	29.730	481	302	10	67	540	89	540	6.85e-47	169
GCA_000017945-FLGBHGLA_05590	WP_009650660.1	28.243	478	319	8	65	540	89	544	7.31e-47	169
GCA_000017945-FLGBHGLA_05590	WP_023227550.1	28.810	479	305	10	69	540	88	537	7.47e-47	169
GCA_000017945-FLGBHGLA_05590	WP_027190463.1	31.622	370	238	5	171	540	3	357	7.59e-47	164
GCA_000017945-FLGBHGLA_05590	WP_011991841.1	28.243	478	319	8	65	540	89	544	7.68e-47	169
GCA_000017945-FLGBHGLA_05590	WP_013365010.1	29.019	479	304	10	69	540	88	537	8.59e-47	169
GCA_000017945-FLGBHGLA_05590	WP_002948674.1	28.033	478	320	8	65	540	89	544	8.82e-47	169
GCA_000017945-FLGBHGLA_05590	WP_007725151.1	28.601	479	306	10	69	540	88	537	9.68e-47	169
GCA_000017945-FLGBHGLA_05590	WP_012663581.1	31.694	366	235	5	176	540	10	361	1.00e-46	164
GCA_000017945-FLGBHGLA_05590	WP_026823431.1	29.019	479	304	10	69	540	88	537	1.05e-46	169
GCA_000017945-FLGBHGLA_05590	WP_024105256.1	30.042	476	302	10	69	540	95	543	1.10e-46	169
GCA_000017945-FLGBHGLA_05590	WP_007468176.1	30.435	368	243	5	173	540	6	360	1.12e-46	164
GCA_000017945-FLGBHGLA_05590	WP_004877798.1	29.938	481	304	11	65	540	117	569	1.17e-46	169
GCA_000017945-FLGBHGLA_05590	WP_010876037.1	29.839	372	234	6	175	540	5	355	1.21e-46	164
GCA_000017945-FLGBHGLA_05590	WP_021091787.1	28.033	478	320	8	65	540	89	544	1.25e-46	169
GCA_000017945-FLGBHGLA_05590	WP_024524460.1	28.512	477	307	10	69	540	87	534	1.26e-46	169
GCA_000017945-FLGBHGLA_05590	WP_006232936.1	30.335	478	305	10	67	540	98	551	1.41e-46	169
GCA_000017945-FLGBHGLA_05590	WP_004066437.1	31.949	313	206	2	172	478	7	318	1.43e-46	165
GCA_000017945-FLGBHGLA_05590	WP_004699424.1	29.979	477	309	10	65	540	112	564	1.47e-46	169
GCA_000017945-FLGBHGLA_05590	WP_010479563.1	31.070	383	231	7	176	540	14	381	1.59e-46	165
GCA_000017945-FLGBHGLA_05590	WP_013317233.1	30.380	474	303	10	69	540	95	543	1.63e-46	168
GCA_000017945-FLGBHGLA_05590	WP_001288148.1	28.810	479	305	10	69	540	88	537	1.72e-46	168
GCA_000017945-FLGBHGLA_05590	WP_022095197.1	28.898	481	313	9	65	540	90	546	1.72e-46	169
GCA_000017945-FLGBHGLA_05590	WP_006234109.1	28.898	481	313	9	65	540	90	546	1.74e-46	169
GCA_000017945-FLGBHGLA_05590	WP_006644813.1	30.544	478	304	10	67	540	91	544	1.99e-46	168
GCA_000017945-FLGBHGLA_05590	WP_004068373.1	28.696	460	298	12	82	540	92	522	2.00e-46	167
GCA_000017945-FLGBHGLA_05590	WP_015594087.1	29.508	366	245	4	175	540	8	360	2.20e-46	163
GCA_000017945-FLGBHGLA_05590	WP_004245689.1	29.243	489	289	12	69	540	97	545	2.24e-46	168
GCA_000017945-FLGBHGLA_05590	WP_001288110.1	28.810	479	305	10	69	540	88	537	2.35e-46	168
GCA_000017945-FLGBHGLA_05590	WP_005281999.1	28.958	480	305	11	67	540	85	534	2.43e-46	168
GCA_000017945-FLGBHGLA_05590	WP_025797024.1	29.583	480	300	11	69	540	98	547	2.47e-46	168
GCA_000017945-FLGBHGLA_05590	WP_004388743.1	29.769	477	310	10	65	540	113	565	2.49e-46	168
GCA_000017945-FLGBHGLA_05590	WP_014639275.1	28.601	479	306	10	69	540	90	539	2.56e-46	168
GCA_000017945-FLGBHGLA_05590	WP_005986921.1	31.903	373	233	9	171	540	4	358	3.13e-46	163
GCA_000017945-FLGBHGLA_05590	WP_020585229.1	31.183	372	237	7	171	540	5	359	3.38e-46	163
GCA_000017945-FLGBHGLA_05590	WP_022184688.1	29.315	365	246	4	176	540	10	362	3.48e-46	163
GCA_000017945-FLGBHGLA_05590	WP_014249328.1	29.979	477	309	9	65	540	87	539	3.89e-46	167
GCA_000017945-FLGBHGLA_05590	WP_013843216.1	28.846	468	302	10	75	540	89	527	4.72e-46	166
GCA_000017945-FLGBHGLA_05590	WP_013574483.1	28.870	478	305	10	69	540	95	543	5.52e-46	167
GCA_000017945-FLGBHGLA_05590	WP_013799750.1	31.099	373	240	9	170	540	1	358	5.69e-46	162
GCA_000017945-FLGBHGLA_05590	WP_012907207.1	28.601	479	306	10	69	540	88	537	6.03e-46	167
GCA_000017945-FLGBHGLA_05590	WP_023342092.1	27.899	552	352	13	3	540	18	537	6.34e-46	167
GCA_000017945-FLGBHGLA_05590	WP_004713500.1	29.560	477	311	9	65	540	114	566	6.46e-46	167
GCA_000017945-FLGBHGLA_05590	WP_015696362.1	28.870	478	305	10	69	540	95	543	6.59e-46	167
GCA_000017945-FLGBHGLA_05590	WP_006687169.1	28.601	479	306	10	69	540	88	537	6.93e-46	167
GCA_000017945-FLGBHGLA_05590	WP_025912384.1	28.958	480	303	11	69	540	88	537	7.29e-46	166
GCA_000017945-FLGBHGLA_05590	WP_029739528.1	29.167	480	302	11	69	540	88	537	7.97e-46	166
GCA_000017945-FLGBHGLA_05590	WP_011448732.1	31.233	365	236	5	176	540	10	359	8.83e-46	162
GCA_000017945-FLGBHGLA_05590	WP_012134832.1	28.601	479	306	10	69	540	88	537	8.89e-46	166
GCA_000017945-FLGBHGLA_05590	WP_008499575.1	28.958	480	303	11	69	540	88	537	9.34e-46	166
GCA_000017945-FLGBHGLA_05590	WP_006811737.1	28.958	480	303	11	69	540	88	537	1.12e-45	166
GCA_000017945-FLGBHGLA_05590	WP_007047619.1	30.270	370	243	5	171	540	5	359	1.20e-45	161
GCA_000017945-FLGBHGLA_05590	WP_014012072.1	31.838	468	273	11	82	540	92	522	1.23e-45	166
GCA_000017945-FLGBHGLA_05590	WP_011251041.1	31.217	378	237	6	176	540	14	381	1.27e-45	163
GCA_000017945-FLGBHGLA_05590	WP_014122750.1	29.765	383	236	6	176	540	13	380	1.34e-45	163
GCA_000017945-FLGBHGLA_05590	WP_020449518.1	31.892	370	237	7	171	540	5	359	1.34e-45	161
GCA_000017945-FLGBHGLA_05590	WP_012625292.1	32.615	371	233	8	171	540	6	360	1.37e-45	161
GCA_000017945-FLGBHGLA_05590	WP_011034248.1	29.459	370	247	4	171	540	3	358	1.40e-45	161
GCA_000017945-FLGBHGLA_05590	WP_015756422.1	27.586	522	337	13	25	540	39	525	1.41e-45	165
GCA_000017945-FLGBHGLA_05590	WP_022379545.1	29.863	365	244	3	176	540	10	362	1.44e-45	161
GCA_000017945-FLGBHGLA_05590	WP_015370028.1	28.601	479	306	10	69	540	88	537	1.50e-45	166
GCA_000017945-FLGBHGLA_05590	WP_028108808.1	29.891	368	245	4	173	540	6	360	1.76e-45	161
GCA_000017945-FLGBHGLA_05590	WP_019176382.1	31.536	371	234	7	171	540	5	356	1.77e-45	160
GCA_000017945-FLGBHGLA_05590	WP_022065323.1	28.601	479	306	10	69	540	88	537	1.97e-45	165
GCA_000017945-FLGBHGLA_05590	WP_019226287.1	30.270	370	243	7	171	540	5	359	1.98e-45	160
GCA_000017945-FLGBHGLA_05590	WP_019844844.1	29.958	474	305	10	69	540	95	543	2.01e-45	165
GCA_000017945-FLGBHGLA_05590	WP_006178188.1	28.601	479	306	10	69	540	88	537	2.21e-45	165
GCA_000017945-FLGBHGLA_05590	WP_003868941.1	30.411	365	240	7	176	540	13	363	2.24e-45	160
GCA_000017945-FLGBHGLA_05590	WP_007469705.1	30.126	478	306	10	67	540	94	547	2.24e-45	165
GCA_000017945-FLGBHGLA_05590	WP_004114746.1	28.270	474	314	9	69	540	88	537	2.67e-45	165
GCA_000017945-FLGBHGLA_05590	WP_020883834.1	28.750	480	304	11	69	540	88	537	2.70e-45	165
GCA_000017945-FLGBHGLA_05590	WP_027712521.1	29.747	474	306	10	69	540	95	543	2.87e-45	165
GCA_000017945-FLGBHGLA_05590	WP_023331166.1	28.958	480	303	11	69	540	88	537	2.89e-45	165
GCA_000017945-FLGBHGLA_05590	WP_005273806.1	29.583	480	313	10	62	540	49	504	3.08e-45	164
GCA_000017945-FLGBHGLA_05590	WP_013905871.1	29.504	383	237	6	176	540	13	380	3.11e-45	162
GCA_000017945-FLGBHGLA_05590	WP_005764546.1	29.268	492	311	11	56	540	81	542	3.29e-45	165
GCA_000017945-FLGBHGLA_05590	WP_006323220.1	27.711	498	321	9	51	540	63	529	3.41e-45	164
GCA_000017945-FLGBHGLA_05590	WP_015051201.1	31.622	370	239	5	171	540	5	360	3.59e-45	160
GCA_000017945-FLGBHGLA_05590	WP_021900040.1	30.411	365	242	3	176	540	10	362	3.61e-45	160
GCA_000017945-FLGBHGLA_05590	WP_001288143.1	28.184	479	304	9	69	540	88	533	3.61e-45	164
GCA_000017945-FLGBHGLA_05590	WP_004720656.1	29.314	481	299	12	69	540	95	543	3.85e-45	164
GCA_000017945-FLGBHGLA_05590	WP_004038499.1	30.971	381	222	8	173	540	9	361	3.95e-45	160
GCA_000017945-FLGBHGLA_05590	WP_012995592.1	28.496	379	243	5	169	540	3	360	4.27e-45	160
GCA_000017945-FLGBHGLA_05590	WP_012751197.1	30.026	383	235	6	176	540	13	380	4.57e-45	161
GCA_000017945-FLGBHGLA_05590	WP_018606884.1	30.933	375	246	7	166	540	1	362	4.95e-45	160
GCA_000017945-FLGBHGLA_05590	WP_002440707.1	28.392	479	307	10	69	540	88	537	5.09e-45	164
GCA_000017945-FLGBHGLA_05590	WP_012803120.1	30.000	370	247	4	171	540	5	362	5.21e-45	160
GCA_000017945-FLGBHGLA_05590	WP_014734412.1	30.548	383	233	6	176	540	14	381	5.99e-45	161
GCA_000017945-FLGBHGLA_05590	WP_015849571.1	29.443	377	246	6	175	540	13	380	7.34e-45	161
GCA_000017945-FLGBHGLA_05590	WP_014013086.1	29.787	376	250	5	173	540	11	380	8.20e-45	161
GCA_000017945-FLGBHGLA_05590	WP_007370513.1	27.833	503	320	12	51	540	65	537	9.13e-45	163
GCA_000017945-FLGBHGLA_05590	WP_017802632.1	28.870	478	305	10	69	540	95	543	9.19e-45	164
GCA_000017945-FLGBHGLA_05590	WP_012302199.1	30.137	365	240	5	176	540	9	358	9.32e-45	159
GCA_000017945-FLGBHGLA_05590	WP_004031618.1	30.376	372	232	6	175	540	5	355	9.64e-45	159
GCA_000017945-FLGBHGLA_05590	WP_005187619.1	30.000	480	305	12	65	540	122	574	1.07e-44	164
GCA_000017945-FLGBHGLA_05590	WP_010885519.1	30.287	383	234	6	176	540	14	381	1.08e-44	160
GCA_000017945-FLGBHGLA_05590	WP_004726128.1	29.412	476	308	10	69	540	96	547	1.09e-44	163
GCA_000017945-FLGBHGLA_05590	WP_010434474.1	28.958	480	303	11	69	540	88	537	1.24e-44	163
GCA_000017945-FLGBHGLA_05590	WP_014807277.1	29.091	385	257	6	165	540	2	379	1.30e-44	160
GCA_000017945-FLGBHGLA_05590	WP_011991040.1	32.603	365	231	6	176	540	10	359	1.42e-44	158
GCA_000017945-FLGBHGLA_05590	WP_013134545.1	27.950	483	306	11	69	540	94	545	1.44e-44	163
GCA_000017945-FLGBHGLA_05590	WP_009200527.1	29.351	385	256	6	165	540	2	379	1.62e-44	159
GCA_000017945-FLGBHGLA_05590	WP_013467760.1	30.481	374	246	5	175	540	13	380	1.81e-44	160
GCA_000017945-FLGBHGLA_05590	WP_006658446.1	29.132	484	296	12	69	540	97	545	1.84e-44	163
GCA_000017945-FLGBHGLA_05590	WP_025151932.1	28.958	480	302	10	69	540	97	545	2.05e-44	162
GCA_000017945-FLGBHGLA_05590	WP_013174844.1	31.720	372	235	5	171	540	5	359	2.05e-44	158
GCA_000017945-FLGBHGLA_05590	WP_013625216.1	30.541	370	243	6	171	540	5	360	2.08e-44	158
GCA_000017945-FLGBHGLA_05590	WP_020454964.1	27.174	552	356	13	3	540	18	537	2.44e-44	162
GCA_000017945-FLGBHGLA_05590	WP_007474009.1	31.967	366	234	5	176	540	12	363	3.08e-44	157
GCA_000017945-FLGBHGLA_05590	WP_013747503.1	29.765	383	236	6	176	540	13	380	3.38e-44	159
GCA_000017945-FLGBHGLA_05590	WP_027182881.1	32.000	375	230	8	171	540	4	358	3.47e-44	157
GCA_000017945-FLGBHGLA_05590	WP_012376920.1	30.728	371	240	7	171	540	4	358	3.73e-44	157
GCA_000017945-FLGBHGLA_05590	WP_004077817.1	29.730	370	245	5	171	540	5	359	3.78e-44	157
GCA_000017945-FLGBHGLA_05590	WP_020490799.1	29.730	370	245	7	171	540	5	359	4.18e-44	157
GCA_000017945-FLGBHGLA_05590	WP_018133527.1	28.541	473	309	10	69	540	85	529	4.28e-44	161
GCA_000017945-FLGBHGLA_05590	WP_006235754.1	29.428	367	243	6	176	540	10	362	4.34e-44	157
GCA_000017945-FLGBHGLA_05590	WP_010867842.1	30.952	378	238	6	176	540	13	380	4.77e-44	159
GCA_000017945-FLGBHGLA_05590	WP_012956197.1	31.522	368	233	6	175	540	5	355	5.14e-44	157
GCA_000017945-FLGBHGLA_05590	WP_026783288.1	30.245	367	241	5	175	540	14	366	5.65e-44	157
GCA_000017945-FLGBHGLA_05590	WP_008916657.1	29.362	470	293	11	79	540	107	545	6.23e-44	161
GCA_000017945-FLGBHGLA_05590	WP_009164181.1	28.841	371	255	4	175	540	10	376	6.42e-44	158
GCA_000017945-FLGBHGLA_05590	WP_013979777.1	28.919	370	251	4	171	540	5	362	7.08e-44	157
GCA_000017945-FLGBHGLA_05590	WP_012625505.1	28.689	366	247	5	175	540	9	360	8.13e-44	156
GCA_000017945-FLGBHGLA_05590	WP_015760641.1	29.189	370	250	4	171	540	5	362	1.02e-43	156
GCA_000017945-FLGBHGLA_05590	WP_007045054.1	29.947	374	243	9	170	540	1	358	1.02e-43	156
GCA_000017945-FLGBHGLA_05590	WP_013180984.1	29.396	381	236	8	170	540	1	358	1.04e-43	156
GCA_000017945-FLGBHGLA_05590	WP_021167282.1	27.052	536	341	12	18	540	5	503	1.05e-43	159
GCA_000017945-FLGBHGLA_05590	WP_027191193.1	29.235	366	246	6	175	540	9	361	1.31e-43	156
GCA_000017945-FLGBHGLA_05590	WP_011012581.1	29.765	383	236	6	176	540	13	380	1.36e-43	157
GCA_000017945-FLGBHGLA_05590	WP_011024634.1	30.563	373	229	9	176	540	10	360	1.44e-43	155
GCA_000017945-FLGBHGLA_05590	WP_006301161.1	29.067	375	253	5	173	540	12	380	1.50e-43	157
GCA_000017945-FLGBHGLA_05590	WP_024821984.1	29.973	377	247	5	173	540	11	379	1.69e-43	157
GCA_000017945-FLGBHGLA_05590	WP_011937735.1	31.880	367	233	7	175	540	9	359	1.74e-43	155
GCA_000017945-FLGBHGLA_05590	WP_026790609.1	29.620	368	242	5	175	540	14	366	1.76e-43	155
GCA_000017945-FLGBHGLA_05590	WP_008912486.1	28.958	480	302	11	69	540	97	545	2.18e-43	160
GCA_000017945-FLGBHGLA_05590	WP_006814426.1	28.926	484	297	12	69	540	97	545	2.20e-43	160
GCA_000017945-FLGBHGLA_05590	WP_007780611.1	27.022	544	364	11	3	540	13	529	2.91e-43	159
GCA_000017945-FLGBHGLA_05590	WP_012798463.1	29.839	372	245	5	171	540	5	362	3.67e-43	154
GCA_000017945-FLGBHGLA_05590	WP_028451288.1	27.609	460	306	9	82	540	86	519	3.72e-43	159
GCA_000017945-FLGBHGLA_05590	WP_012572555.1	29.243	383	238	6	176	540	14	381	4.21e-43	156
GCA_000017945-FLGBHGLA_05590	WP_007473061.1	28.226	372	252	7	170	540	1	358	4.51e-43	154
GCA_000017945-FLGBHGLA_05590	WP_013328417.1	29.730	370	245	5	171	540	6	360	4.77e-43	154
GCA_000017945-FLGBHGLA_05590	WP_026263170.1	27.391	460	307	9	82	540	94	527	5.12e-43	158
GCA_000017945-FLGBHGLA_05590	WP_022094158.1	28.883	367	245	6	176	540	10	362	5.14e-43	154
GCA_000017945-FLGBHGLA_05590	WP_006007878.1	29.235	366	245	5	175	540	11	362	5.30e-43	154
GCA_000017945-FLGBHGLA_05590	WP_015738579.1	31.421	366	234	7	176	540	9	358	5.81e-43	154
GCA_000017945-FLGBHGLA_05590	WP_019266264.1	31.436	369	232	8	175	540	5	355	6.82e-43	154
GCA_000017945-FLGBHGLA_05590	WP_025344446.1	30.214	374	246	6	169	540	2	362	7.87e-43	154
GCA_000017945-FLGBHGLA_05590	WP_022790212.1	29.315	365	243	4	176	540	10	359	9.11e-43	153
GCA_000017945-FLGBHGLA_05590	WP_011972581.1	29.333	375	244	9	170	540	4	361	1.09e-42	154
GCA_000017945-FLGBHGLA_05590	WP_022363091.1	29.589	365	245	3	176	540	10	362	1.32e-42	153
GCA_000017945-FLGBHGLA_05590	WP_028112273.1	30.000	380	229	8	173	540	6	360	1.73e-42	153
GCA_000017945-FLGBHGLA_05590	WP_014641051.1	28.898	481	285	12	69	540	9	441	1.74e-42	155
GCA_000017945-FLGBHGLA_05590	WP_014163350.1	29.973	377	247	8	173	540	11	379	1.74e-42	154
GCA_000017945-FLGBHGLA_05590	WP_028535106.1	29.620	368	243	6	175	540	8	361	1.82e-42	152
GCA_000017945-FLGBHGLA_05590	WP_012193964.1	28.421	380	241	8	170	540	1	358	2.50e-42	152
GCA_000017945-FLGBHGLA_05590	WP_015790909.1	29.947	374	243	7	170	540	1	358	2.58e-42	152
GCA_000017945-FLGBHGLA_05590	WP_028450152.1	27.061	473	318	9	69	540	88	534	2.58e-42	157
GCA_000017945-FLGBHGLA_05590	WP_009138996.1	29.380	371	248	6	171	540	5	362	2.60e-42	152
GCA_000017945-FLGBHGLA_05590	WP_018154556.1	31.034	377	235	9	170	540	1	358	2.71e-42	152
GCA_000017945-FLGBHGLA_05590	WP_015416298.1	28.415	366	249	4	175	540	8	360	3.27e-42	152
GCA_000017945-FLGBHGLA_05590	WP_011474902.1	28.954	373	239	10	175	540	8	361	3.98e-42	152
GCA_000017945-FLGBHGLA_05590	WP_008083483.1	29.396	381	259	5	166	540	1	377	4.71e-42	153
GCA_000017945-FLGBHGLA_05590	WP_021019734.1	28.893	488	299	11	67	540	92	545	5.35e-42	156
GCA_000017945-FLGBHGLA_05590	WP_010870018.1	28.609	381	247	8	166	540	1	362	6.55e-42	152
GCA_000017945-FLGBHGLA_05590	WP_015732568.1	28.533	375	247	7	170	540	1	358	7.52e-42	151
GCA_000017945-FLGBHGLA_05590	WP_024789181.1	31.148	366	237	6	176	540	9	360	9.68e-42	150
GCA_000017945-FLGBHGLA_05590	WP_009078628.1	28.954	373	247	5	171	540	5	362	1.26e-41	150
GCA_000017945-FLGBHGLA_05590	WP_006361427.1	28.954	373	247	5	171	540	5	362	1.63e-41	150
GCA_000017945-FLGBHGLA_05590	WP_014769235.1	29.947	374	247	6	169	540	2	362	2.05e-41	150
GCA_000017945-FLGBHGLA_05590	WP_011844026.1	29.459	370	239	6	175	540	11	362	3.10e-41	149
GCA_000017945-FLGBHGLA_05590	WP_011832947.1	32.000	375	222	11	175	540	11	361	3.68e-41	149
GCA_000017945-FLGBHGLA_05590	WP_019553945.1	25.636	472	323	8	69	540	83	526	5.03e-41	152
GCA_000017945-FLGBHGLA_05590	WP_016358530.1	30.000	370	240	6	173	540	3	355	6.97e-41	149
GCA_000017945-FLGBHGLA_05590	WP_019880045.1	27.079	469	308	10	78	540	65	505	7.68e-41	151
GCA_000017945-FLGBHGLA_05590	WP_007527819.1	28.142	366	249	5	175	540	26	377	9.85e-41	148
GCA_000017945-FLGBHGLA_05590	WP_020881764.1	28.267	375	252	7	168	540	5	364	9.94e-41	148
GCA_000017945-FLGBHGLA_05590	WP_027938372.1	27.632	456	299	8	85	540	71	495	1.87e-40	150
GCA_000017945-FLGBHGLA_05590	WP_013048648.1	28.191	376	255	5	173	540	11	379	2.03e-40	148
GCA_000017945-FLGBHGLA_05590	WP_022349360.1	28.571	343	231	6	199	540	2	331	2.39e-40	146
GCA_000017945-FLGBHGLA_05590	WP_014405402.1	32.095	377	229	9	171	540	3	359	2.63e-40	147
GCA_000017945-FLGBHGLA_05590	WP_013644869.1	29.839	372	235	8	175	540	5	356	2.64e-40	147
GCA_000017945-FLGBHGLA_05590	WP_018702624.1	25.670	522	357	8	19	540	5	495	2.83e-40	149
GCA_000017945-FLGBHGLA_05590	WP_011449071.1	30.667	375	227	9	175	540	11	361	2.85e-40	147
GCA_000017945-FLGBHGLA_05590	WP_015283654.1	28.792	389	251	8	166	540	1	377	3.89e-40	147
GCA_000017945-FLGBHGLA_05590	WP_013537236.1	31.148	366	237	5	176	540	10	361	6.85e-40	145
GCA_000017945-FLGBHGLA_05590	WP_012035507.1	29.919	371	245	7	171	540	3	359	9.92e-40	145
GCA_000017945-FLGBHGLA_05590	WP_013100690.1	30.000	370	238	8	175	540	6	358	1.45e-39	145
GCA_000017945-FLGBHGLA_05590	WP_014867151.1	28.649	370	242	6	175	540	11	362	1.55e-39	145
GCA_000017945-FLGBHGLA_05590	WP_029166411.1	28.571	378	251	7	173	540	10	378	1.94e-39	145
GCA_000017945-FLGBHGLA_05590	WP_021718870.1	26.856	458	309	9	83	540	68	499	2.41e-39	147
GCA_000017945-FLGBHGLA_05590	WP_012619310.1	29.919	371	243	7	171	540	5	359	2.43e-39	144
GCA_000017945-FLGBHGLA_05590	WP_011018833.1	30.481	374	233	10	173	540	29	381	2.68e-39	145
GCA_000017945-FLGBHGLA_05590	WP_012856977.1	28.997	369	245	7	175	540	8	362	5.95e-39	143
GCA_000017945-FLGBHGLA_05590	WP_004039320.1	29.041	365	244	5	176	540	10	359	6.83e-39	143
GCA_000017945-FLGBHGLA_05590	WP_012899275.1	30.933	375	236	8	171	540	3	359	7.70e-39	142
GCA_000017945-FLGBHGLA_05590	WP_013867209.1	29.600	375	243	9	170	540	1	358	1.03e-38	143
GCA_000017945-FLGBHGLA_05590	WP_011973090.1	28.686	373	249	9	170	540	1	358	1.91e-38	142
GCA_000017945-FLGBHGLA_05590	WP_012528510.1	29.189	370	249	6	171	540	3	359	1.94e-38	142
GCA_000017945-FLGBHGLA_05590	WP_026842872.1	29.189	370	249	6	171	540	3	359	1.98e-38	142
GCA_000017945-FLGBHGLA_05590	WP_010939566.1	27.869	366	250	5	175	540	15	366	2.35e-38	141
GCA_000017945-FLGBHGLA_05590	WP_009619272.1	26.724	464	312	10	81	540	89	528	5.89e-38	144
GCA_000017945-FLGBHGLA_05590	WP_013638341.1	30.328	366	240	5	176	540	10	361	6.91e-38	140
GCA_000017945-FLGBHGLA_05590	WP_004076146.1	29.787	376	229	10	175	540	11	361	2.88e-37	138
GCA_000017945-FLGBHGLA_05590	WP_015945149.1	25.323	541	361	13	15	540	39	551	5.08e-37	141
GCA_000017945-FLGBHGLA_05590	WP_013460916.1	28.415	366	241	6	175	536	9	357	7.28e-37	137
GCA_000017945-FLGBHGLA_05590	WP_013099747.1	29.491	373	242	8	173	540	4	360	9.01e-37	137
GCA_000017945-FLGBHGLA_05590	WP_013329140.1	29.365	378	228	10	175	540	11	361	1.54e-36	136
GCA_000017945-FLGBHGLA_05590	WP_015654365.1	27.869	366	243	6	175	536	9	357	1.97e-36	136
GCA_000017945-FLGBHGLA_05590	WP_013826680.1	30.287	383	227	9	171	540	17	372	2.09e-35	134
GCA_000017945-FLGBHGLA_05590	WP_014902103.1	26.793	474	300	10	81	540	89	529	4.51e-35	135
GCA_000017945-FLGBHGLA_05590	WP_008340210.1	27.548	363	248	5	175	536	10	358	6.34e-35	132
GCA_000017945-FLGBHGLA_05590	WP_023992909.1	28.989	376	233	8	175	540	17	368	1.98e-34	131
GCA_000017945-FLGBHGLA_05590	WP_019851221.1	24.673	535	363	10	12	540	35	535	3.15e-34	133
GCA_000017945-FLGBHGLA_05590	WP_014795396.1	24.673	535	363	10	12	540	35	535	5.53e-34	132
GCA_000017945-FLGBHGLA_05590	WP_013296415.1	29.474	380	249	8	164	540	2	365	1.63e-32	125
GCA_000017945-FLGBHGLA_05590	WP_010876862.1	29.301	372	245	7	171	540	13	368	2.63e-32	125
GCA_000017945-FLGBHGLA_05590	WP_012899230.1	29.333	375	243	10	171	540	3	360	7.44e-32	123
GCA_000017945-FLGBHGLA_05590	WP_004590220.1	27.027	370	257	5	173	540	3	361	9.77e-32	123
GCA_000017945-FLGBHGLA_05590	WP_016359143.1	28.418	373	247	7	171	540	16	371	1.56e-31	122
GCA_000017945-FLGBHGLA_05590	WP_004029221.1	28.723	376	234	9	175	540	17	368	1.04e-30	120
GCA_000017945-FLGBHGLA_05590	WP_013643876.1	27.297	381	241	8	171	540	15	370	1.80e-30	119
GCA_000017945-FLGBHGLA_05590	WP_012956799.1	30.872	298	181	7	161	445	2	287	1.90e-30	120
GCA_000017945-FLGBHGLA_05590	WP_012794989.1	27.568	370	255	7	173	540	7	365	2.33e-30	119
GCA_000017945-FLGBHGLA_05590	WP_007044316.1	26.330	376	252	6	173	540	6	364	2.58e-30	119
GCA_000017945-FLGBHGLA_05590	WP_010870540.1	26.613	372	256	6	173	540	10	368	9.25e-29	115
GCA_000017945-FLGBHGLA_05590	WP_012981217.1	26.757	370	258	7	173	540	7	365	1.26e-28	114
GCA_000017945-FLGBHGLA_05590	WP_018154032.1	32.130	277	177	5	173	443	6	277	1.50e-28	114
GCA_000017945-FLGBHGLA_05590	WP_011973026.1	26.542	373	255	7	173	540	6	364	6.12e-28	112
GCA_000017945-FLGBHGLA_05590	WP_019262598.1	31.560	282	178	5	171	445	13	286	1.24e-27	111
GCA_000017945-FLGBHGLA_05590	WP_011972283.1	26.005	373	258	6	173	540	6	365	1.39e-27	111
GCA_000017945-FLGBHGLA_05590	WP_013866214.1	25.789	380	249	7	173	540	6	364	1.79e-27	111
GCA_000017945-FLGBHGLA_05590	WP_011407013.1	27.676	383	237	7	171	540	21	376	3.20e-27	110
GCA_000017945-FLGBHGLA_05590	WP_013798188.1	26.064	376	253	7	173	540	6	364	9.69e-26	106
GCA_000017945-FLGBHGLA_05590	WP_012194251.1	26.146	371	260	7	173	540	6	365	3.56e-25	104
GCA_000017945-FLGBHGLA_05590	WP_013180047.1	26.133	375	256	8	173	540	6	366	5.09e-24	101
GCA_000017945-FLGBHGLA_05590	WP_015732720.1	25.469	373	259	7	173	540	7	365	5.45e-24	100
GCA_000017945-FLGBHGLA_14140	WP_012123507.1	100.000	664	0	0	1	664	1	664	0.0	1379
GCA_000017945-FLGBHGLA_14140	WP_020962524.1	53.526	624	255	7	35	655	5	596	0.0	686
GCA_000017945-FLGBHGLA_14140	WP_011752262.1	54.267	621	250	7	35	653	5	593	0.0	663
GCA_000017945-FLGBHGLA_14140	WP_013680997.1	50.835	659	276	11	32	663	2	639	0.0	637
GCA_000017945-FLGBHGLA_14140	WP_011850254.1	50.765	654	283	12	32	663	2	638	0.0	628
GCA_000017945-FLGBHGLA_14140	WP_012349775.1	50.228	659	279	12	32	663	2	638	0.0	626
GCA_000017945-FLGBHGLA_14140	WP_011761956.1	50.227	661	276	14	32	663	2	638	0.0	623
GCA_000017945-FLGBHGLA_14140	WP_014125970.1	50.457	656	288	10	32	663	2	644	0.0	622
GCA_000017945-FLGBHGLA_14140	WP_011900768.1	50.613	652	287	11	32	663	2	638	0.0	622
GCA_000017945-FLGBHGLA_14140	WP_014346469.1	50.153	652	290	11	32	663	2	638	0.0	615
GCA_000017945-FLGBHGLA_14140	WP_013337401.1	48.416	663	289	13	32	663	2	642	0.0	615
GCA_000017945-FLGBHGLA_14140	WP_011822511.1	49.696	658	276	14	32	660	6	637	0.0	610
GCA_000017945-FLGBHGLA_14140	WP_014025627.1	48.550	655	283	13	35	659	6	636	0.0	605
GCA_000017945-FLGBHGLA_14140	WP_048100713.1	46.213	647	312	12	32	662	6	632	0.0	578
GCA_000017945-FLGBHGLA_14140	WP_014512387.1	37.008	635	341	20	32	663	26	604	4.41e-128	389
GCA_000017945-FLGBHGLA_14140	WP_012813797.1	35.413	641	343	17	31	664	48	624	6.28e-115	355
GCA_000017945-FLGBHGLA_14140	WP_014267363.1	36.305	617	335	19	30	641	15	578	1.64e-113	351
GCA_000017945-FLGBHGLA_14140	WP_015922819.1	35.623	626	340	18	34	653	11	579	5.61e-113	349
GCA_000017945-FLGBHGLA_14140	WP_007412921.1	34.022	629	357	16	30	653	17	592	3.50e-109	340
GCA_000017945-FLGBHGLA_14140	WP_004921512.1	34.240	625	348	16	35	653	15	582	3.92e-107	334
GCA_000017945-FLGBHGLA_14140	WP_013132859.1	34.400	625	350	20	35	653	19	589	1.07e-106	333
GCA_000017945-FLGBHGLA_14140	WP_011153987.1	34.385	634	357	19	24	652	11	590	3.28e-106	332
GCA_000017945-FLGBHGLA_14140	WP_007380332.1	34.531	640	354	19	22	653	1	583	4.36e-106	331
GCA_000017945-FLGBHGLA_14140	WP_041979300.1	34.483	638	359	19	19	651	4	587	1.48e-105	330
GCA_000017945-FLGBHGLA_14140	WP_012934014.1	33.962	636	359	18	23	653	6	585	1.73e-105	330
GCA_000017945-FLGBHGLA_14140	WP_003612931.1	33.784	666	366	21	1	660	1	597	1.78e-105	330
GCA_000017945-FLGBHGLA_14140	WP_016573948.1	33.866	626	354	15	22	641	1	572	4.22e-105	328
GCA_000017945-FLGBHGLA_14140	WP_007904650.1	33.814	624	348	18	35	649	19	586	7.63e-105	328
GCA_000017945-FLGBHGLA_14140	WP_010988762.1	34.510	623	346	16	35	651	16	582	7.85e-105	328
GCA_000017945-FLGBHGLA_14140	WP_016920676.1	34.928	627	349	18	32	653	16	588	1.04e-104	328
GCA_000017945-FLGBHGLA_14140	WP_006608003.1	33.491	636	363	15	22	651	1	582	1.65e-104	327
GCA_000017945-FLGBHGLA_14140	WP_020124082.1	34.219	640	356	19	22	653	1	583	3.86e-104	326
GCA_000017945-FLGBHGLA_14140	WP_004559486.1	34.671	623	351	17	30	649	7	576	4.29e-104	326
GCA_000017945-FLGBHGLA_14140	WP_005443931.1	34.345	626	349	21	35	653	18	588	4.55e-104	326
GCA_000017945-FLGBHGLA_14140	WP_029651411.1	34.112	642	365	17	24	660	12	600	5.29e-104	326
GCA_000017945-FLGBHGLA_14140	WP_005474054.1	33.906	640	358	19	22	653	1	583	9.04e-104	325
GCA_000017945-FLGBHGLA_14140	WP_010587703.1	34.455	624	350	18	32	650	17	586	9.82e-104	325
GCA_000017945-FLGBHGLA_14140	WP_013006069.1	34.400	625	347	18	35	653	16	583	1.02e-103	325
GCA_000017945-FLGBHGLA_14140	WP_012890477.1	34.080	625	351	16	35	651	21	592	1.40e-103	325
GCA_000017945-FLGBHGLA_14140	WP_014892893.1	33.956	642	366	18	24	660	12	600	2.22e-103	325
GCA_000017945-FLGBHGLA_14140	WP_003957662.1	33.752	637	363	16	22	653	1	583	1.22e-102	322
GCA_000017945-FLGBHGLA_14140	WP_005454024.1	34.026	626	351	21	35	653	18	588	1.51e-102	322
GCA_000017945-FLGBHGLA_14140	WP_020516695.1	33.816	621	349	17	35	649	10	574	1.61e-102	322
GCA_000017945-FLGBHGLA_14140	WP_026402909.1	33.923	622	353	17	35	651	22	590	1.65e-102	322
GCA_000017945-FLGBHGLA_14140	WP_019819110.1	33.760	625	354	19	35	653	18	588	2.35e-102	322
GCA_000017945-FLGBHGLA_14140	WP_005461984.1	34.080	625	352	20	35	653	18	588	2.43e-102	322
GCA_000017945-FLGBHGLA_14140	WP_015247797.1	33.386	632	362	17	25	651	10	587	2.67e-102	322
GCA_000017945-FLGBHGLA_14140	WP_013225646.1	33.812	627	358	17	30	653	15	587	2.94e-102	321
GCA_000017945-FLGBHGLA_14140	WP_012854897.1	33.546	626	358	16	31	651	14	586	7.59e-102	320
GCA_000017945-FLGBHGLA_14140	WP_007516725.1	33.816	621	352	18	35	650	19	585	1.71e-101	319
GCA_000017945-FLGBHGLA_14140	WP_027944444.1	32.308	650	368	17	7	651	5	587	2.25e-101	319
GCA_000017945-FLGBHGLA_14140	WP_003935326.1	34.185	626	354	19	32	653	13	584	3.66e-101	318
GCA_000017945-FLGBHGLA_14140	WP_011603554.1	32.913	635	367	16	31	660	14	594	3.76e-101	318
GCA_000017945-FLGBHGLA_14140	WP_006350699.1	33.386	635	361	16	22	649	1	580	4.62e-101	318
GCA_000017945-FLGBHGLA_14140	WP_006242884.1	34.019	632	358	20	25	651	10	587	5.37e-101	318
GCA_000017945-FLGBHGLA_14140	WP_026219116.1	33.333	636	364	16	22	651	1	582	5.72e-101	318
GCA_000017945-FLGBHGLA_14140	WP_020375837.1	33.762	622	353	19	35	651	21	588	6.75e-101	318
GCA_000017945-FLGBHGLA_14140	WP_006237565.1	33.280	625	357	19	35	653	18	588	7.82e-101	318
GCA_000017945-FLGBHGLA_14140	WP_003926809.1	32.278	632	365	15	25	649	11	586	1.11e-100	317
GCA_000017945-FLGBHGLA_14140	WP_013423858.1	33.066	623	361	15	22	641	6	575	1.28e-100	317
GCA_000017945-FLGBHGLA_14140	WP_003922139.1	33.968	630	358	20	25	649	10	586	1.90e-100	317
GCA_000017945-FLGBHGLA_14140	WP_018502886.1	33.388	611	351	14	35	642	19	576	2.63e-100	316
GCA_000017945-FLGBHGLA_14140	WP_026468830.1	33.863	629	357	19	30	653	4	578	3.83e-100	315
GCA_000017945-FLGBHGLA_14140	WP_011688202.1	33.070	632	364	19	26	652	11	588	4.11e-100	316
GCA_000017945-FLGBHGLA_14140	WP_012796301.1	33.280	625	357	20	35	653	19	589	4.31e-100	316
GCA_000017945-FLGBHGLA_14140	WP_018330638.1	33.544	632	355	19	29	650	12	588	7.05e-100	315
GCA_000017945-FLGBHGLA_14140	WP_019807844.1	33.387	623	356	18	35	651	18	587	8.26e-100	315
GCA_000017945-FLGBHGLA_14140	WP_009739394.1	32.756	635	368	17	31	660	14	594	1.53e-99	314
GCA_000017945-FLGBHGLA_14140	WP_014815377.1	33.594	640	366	19	25	658	10	596	2.36e-99	314
GCA_000017945-FLGBHGLA_14140	WP_010696688.1	32.653	637	369	20	32	662	7	589	2.77e-99	313
GCA_000017945-FLGBHGLA_14140	WP_028930304.1	34.026	626	354	20	35	653	20	593	3.07e-99	313
GCA_000017945-FLGBHGLA_14140	WP_007034607.1	33.548	620	356	18	35	651	11	577	4.31e-99	313
GCA_000017945-FLGBHGLA_14140	WP_009061231.1	32.907	626	362	16	30	649	16	589	4.35e-99	313
GCA_000017945-FLGBHGLA_14140	WP_006543203.1	33.715	611	349	15	35	642	21	578	4.79e-99	313
GCA_000017945-FLGBHGLA_14140	WP_014150953.1	33.174	627	360	18	39	660	24	596	5.24e-99	313
GCA_000017945-FLGBHGLA_14140	WP_023543351.1	33.174	627	355	17	30	649	8	577	9.83e-99	312
GCA_000017945-FLGBHGLA_14140	WP_005517441.1	32.958	622	360	17	35	653	20	587	1.23e-98	312
GCA_000017945-FLGBHGLA_14140	WP_005141693.1	33.281	640	367	19	19	651	1	587	1.63e-98	311
GCA_000017945-FLGBHGLA_14140	WP_020460087.1	33.388	611	351	15	35	642	19	576	1.86e-98	311
GCA_000017945-FLGBHGLA_14140	WP_003933589.1	32.909	629	365	18	25	649	10	585	1.98e-98	311
GCA_000017945-FLGBHGLA_14140	WP_003894103.1	33.175	630	361	19	19	641	1	577	2.74e-98	311
GCA_000017945-FLGBHGLA_14140	WP_021597135.1	32.698	630	361	20	30	651	15	589	3.28e-98	311
GCA_000017945-FLGBHGLA_14140	WP_009945368.1	33.014	627	361	19	32	652	14	587	3.73e-98	310
GCA_000017945-FLGBHGLA_14140	WP_020274692.1	32.558	645	363	17	10	649	7	584	5.32e-98	310
GCA_000017945-FLGBHGLA_14140	WP_015355236.1	33.758	628	358	19	27	649	12	586	7.07e-98	310
GCA_000017945-FLGBHGLA_14140	WP_003988175.1	32.612	647	360	18	10	649	7	584	1.32e-97	309
GCA_000017945-FLGBHGLA_14140	WP_011724971.1	32.432	629	368	18	25	649	10	585	2.23e-97	308
GCA_000017945-FLGBHGLA_14140	WP_025349261.1	33.228	635	366	19	20	649	4	585	3.26e-97	308
GCA_000017945-FLGBHGLA_14140	WP_014376814.1	32.759	638	366	18	30	660	13	594	4.25e-97	308
GCA_000017945-FLGBHGLA_14140	WP_006334825.1	32.132	638	373	17	20	651	4	587	4.82e-97	308
GCA_000017945-FLGBHGLA_14140	WP_008474746.1	33.652	627	356	20	32	652	13	585	9.24e-97	307
GCA_000017945-FLGBHGLA_14140	WP_028936742.1	32.432	629	367	16	35	659	13	587	9.80e-97	306
GCA_000017945-FLGBHGLA_14140	WP_020728307.1	33.439	628	360	19	27	649	12	586	1.65e-96	306
GCA_000017945-FLGBHGLA_14140	WP_018161883.1	32.551	639	370	17	20	651	4	588	2.04e-96	306
GCA_000017945-FLGBHGLA_14140	WP_015655687.1	32.955	616	355	16	39	649	22	584	2.66e-96	306
GCA_000017945-FLGBHGLA_14140	WP_020938041.1	32.630	616	357	16	39	649	22	584	6.19e-96	305
GCA_000017945-FLGBHGLA_14140	WP_020823195.1	32.805	631	368	17	23	649	8	586	6.45e-96	305
GCA_000017945-FLGBHGLA_14140	WP_012872944.1	33.710	620	351	20	39	652	20	585	8.96e-96	304
GCA_000017945-FLGBHGLA_14140	WP_023553242.1	32.222	630	369	15	25	649	8	584	1.12e-95	304
GCA_000017945-FLGBHGLA_14140	WP_020540932.1	31.944	648	372	18	9	651	3	586	2.32e-95	303
GCA_000017945-FLGBHGLA_14140	WP_007171456.1	32.385	633	364	16	25	649	10	586	2.36e-95	303
GCA_000017945-FLGBHGLA_14140	WP_009155165.1	31.562	621	373	15	35	651	19	591	2.50e-95	303
GCA_000017945-FLGBHGLA_14140	WP_003801347.1	33.333	621	355	18	34	650	19	584	3.61e-95	303
GCA_000017945-FLGBHGLA_14140	WP_007775170.1	32.488	631	366	17	25	649	10	586	6.31e-95	302
GCA_000017945-FLGBHGLA_14140	WP_013806771.1	32.528	621	362	18	35	651	26	593	7.97e-95	302
GCA_000017945-FLGBHGLA_14140	WP_007300863.1	31.925	639	372	17	20	651	4	586	8.40e-95	302
GCA_000017945-FLGBHGLA_14140	WP_012691719.1	31.925	639	372	17	20	651	4	586	1.27e-94	301
GCA_000017945-FLGBHGLA_14140	WP_023372393.1	32.962	628	363	18	27	649	12	586	2.41e-94	301
GCA_000017945-FLGBHGLA_14140	WP_014942609.1	32.591	629	368	17	25	649	10	586	2.41e-94	301
GCA_000017945-FLGBHGLA_14140	WP_011596968.1	31.455	639	375	16	20	651	4	586	7.78e-94	299
GCA_000017945-FLGBHGLA_14140	WP_017611790.1	32.410	614	359	15	39	649	24	584	1.32e-93	298
GCA_000017945-FLGBHGLA_14140	WP_014670577.1	31.818	616	362	16	39	649	24	586	2.70e-93	298
GCA_000017945-FLGBHGLA_14140	WP_028062027.1	31.546	634	377	16	26	655	8	588	3.13e-93	298
GCA_000017945-FLGBHGLA_14140	WP_007735075.1	32.081	639	371	18	20	651	4	586	8.61e-93	296
GCA_000017945-FLGBHGLA_14140	WP_028059415.1	32.320	625	364	18	31	649	6	577	1.32e-92	296
GCA_000017945-FLGBHGLA_14140	WP_020907450.1	31.925	639	372	18	20	651	4	586	1.60e-92	296
GCA_000017945-FLGBHGLA_14140	WP_020500148.1	32.045	621	366	15	32	649	19	586	3.78e-92	295
GCA_000017945-FLGBHGLA_14140	WP_048100721.1	28.849	617	326	19	35	650	3	507	9.99e-71	236
GCA_000017945-FLGBHGLA_14140	WP_048100378.1	29.184	723	391	26	33	650	14	720	6.06e-65	225
GCA_000017945-FLGBHGLA_14140	WP_029132834.1	26.412	655	355	23	36	656	5	566	5.19e-47	172
GCA_000017945-FLGBHGLA_14140	WP_023408348.1	26.748	658	349	21	36	656	5	566	2.29e-46	170
GCA_000017945-FLGBHGLA_14140	WP_028574549.1	25.502	647	343	20	36	651	24	562	1.55e-44	165
GCA_000017945-FLGBHGLA_14140	WP_028840815.1	28.054	663	333	29	36	656	5	565	2.13e-44	164
GCA_000017945-FLGBHGLA_14140	WP_011699790.1	27.735	649	325	29	36	651	5	542	3.26e-44	164
GCA_000017945-FLGBHGLA_14140	WP_015262308.1	25.984	635	311	24	34	641	2	504	6.26e-44	162
GCA_000017945-FLGBHGLA_14140	WP_005811612.1	26.341	634	310	24	34	641	2	504	8.39e-44	162
GCA_000017945-FLGBHGLA_14140	WP_014261062.1	25.223	674	353	25	14	651	7	565	1.24e-43	162
GCA_000017945-FLGBHGLA_14140	WP_009206448.1	26.506	664	337	26	35	651	4	563	1.60e-42	159
GCA_000017945-FLGBHGLA_14140	WP_013682857.1	28.465	671	316	31	34	641	2	571	1.06e-41	157
GCA_000017945-FLGBHGLA_14140	WP_023105852.1	26.646	653	366	29	36	641	18	604	3.74e-41	156
GCA_000017945-FLGBHGLA_14140	WP_012083422.1	25.595	672	343	28	35	649	42	613	4.45e-41	155
GCA_000017945-FLGBHGLA_14140	WP_014901856.1	26.115	628	320	21	34	641	2	505	6.99e-41	154
GCA_000017945-FLGBHGLA_14140	WP_020460947.1	25.641	663	353	23	34	651	2	569	7.60e-41	154
GCA_000017945-FLGBHGLA_14140	WP_010941450.1	25.641	663	341	21	33	651	2	556	8.96e-41	154
GCA_000017945-FLGBHGLA_14140	WP_009616484.1	25.199	627	327	20	34	641	2	505	1.01e-40	153
GCA_000017945-FLGBHGLA_14140	WP_011289692.1	25.841	654	353	24	36	650	5	565	1.36e-40	154
GCA_000017945-FLGBHGLA_14140	WP_012940402.1	27.921	659	330	28	34	640	2	567	1.90e-40	153
GCA_000017945-FLGBHGLA_14140	WP_015718812.1	25.688	654	336	21	34	641	2	551	3.52e-40	152
GCA_000017945-FLGBHGLA_14140	WP_010863700.1	25.385	650	362	23	33	649	2	561	3.81e-40	152
GCA_000017945-FLGBHGLA_14140	WP_014183412.1	25.199	627	327	18	34	641	2	505	4.05e-40	151
GCA_000017945-FLGBHGLA_14140	WP_024762404.1	26.493	653	367	28	36	641	18	604	4.15e-40	153
GCA_000017945-FLGBHGLA_14140	WP_007779707.1	25.955	628	321	23	34	641	2	505	5.61e-40	151
GCA_000017945-FLGBHGLA_14140	WP_024789021.1	26.667	690	326	28	36	661	5	578	5.65e-40	152
GCA_000017945-FLGBHGLA_14140	WP_012463656.1	24.559	680	382	22	14	651	6	596	5.82e-40	152
GCA_000017945-FLGBHGLA_14140	WP_014828375.1	25.481	624	327	19	35	641	3	505	5.94e-40	151
GCA_000017945-FLGBHGLA_14140	WP_028324338.1	25.038	655	335	25	36	651	5	542	7.00e-40	151
GCA_000017945-FLGBHGLA_14140	WP_013006836.1	25.904	664	352	28	36	657	5	570	8.05e-40	151
GCA_000017945-FLGBHGLA_14140	WP_011344452.1	26.299	616	286	22	36	641	5	462	8.25e-40	149
GCA_000017945-FLGBHGLA_14140	WP_011466351.1	25.617	648	348	25	33	641	2	554	1.14e-39	151
GCA_000017945-FLGBHGLA_14140	WP_008286892.1	27.141	689	340	30	36	641	4	613	1.30e-39	151
GCA_000017945-FLGBHGLA_14140	WP_011688559.1	26.893	647	337	26	33	640	2	551	1.33e-39	150
GCA_000017945-FLGBHGLA_14140	WP_022670762.1	26.165	665	332	28	35	651	6	559	1.88e-39	150
GCA_000017945-FLGBHGLA_14140	WP_012663540.1	25.792	663	367	22	36	661	5	579	2.53e-39	150
GCA_000017945-FLGBHGLA_14140	WP_005576256.1	25.692	650	354	24	36	649	7	563	3.30e-39	149
GCA_000017945-FLGBHGLA_14140	WP_005812775.1	26.209	641	319	25	36	651	5	516	3.31e-39	149
GCA_000017945-FLGBHGLA_14140	WP_012771488.1	25.231	650	357	22	36	649	7	563	6.10e-39	149
GCA_000017945-FLGBHGLA_14140	WP_015437386.1	25.532	658	358	25	33	651	2	566	6.46e-39	149
GCA_000017945-FLGBHGLA_14140	WP_011714122.1	26.657	664	343	25	36	656	5	567	6.62e-39	149
GCA_000017945-FLGBHGLA_14140	WP_012169130.1	26.068	679	357	28	19	641	1	590	8.30e-39	149
GCA_000017945-FLGBHGLA_14140	WP_006544185.1	26.276	666	345	26	34	651	2	569	9.04e-39	148
GCA_000017945-FLGBHGLA_14140	WP_013258222.1	25.039	639	343	24	34	641	2	535	1.04e-38	148
GCA_000017945-FLGBHGLA_14140	WP_007039718.1	24.810	657	385	20	19	641	1	582	1.86e-38	147
GCA_000017945-FLGBHGLA_14140	WP_020502968.1	25.227	662	376	20	19	641	1	582	1.93e-38	147
GCA_000017945-FLGBHGLA_14140	WP_010563027.1	27.231	650	366	30	36	641	18	604	2.00e-38	148
GCA_000017945-FLGBHGLA_14140	WP_017845591.1	26.923	650	368	28	36	641	18	604	2.34e-38	147
GCA_000017945-FLGBHGLA_14140	WP_020585310.1	25.665	639	330	24	36	641	5	531	3.24e-38	146
GCA_000017945-FLGBHGLA_14140	WP_006718275.1	25.806	651	352	24	36	649	7	563	4.34e-38	146
GCA_000017945-FLGBHGLA_14140	AAA27410.1	26.404	659	338	27	36	641	18	582	4.48e-38	146
GCA_000017945-FLGBHGLA_14140	WP_013537874.1	24.196	653	358	26	36	641	5	567	4.70e-38	146
GCA_000017945-FLGBHGLA_14140	WP_006964156.1	25.886	649	316	27	36	641	5	531	5.30e-38	145
GCA_000017945-FLGBHGLA_14140	WP_028302021.1	25.114	657	378	25	25	641	5	587	6.96e-38	146
GCA_000017945-FLGBHGLA_14140	WP_017315132.1	24.181	641	343	22	38	654	8	529	9.27e-38	145
GCA_000017945-FLGBHGLA_14140	WP_026762838.1	24.928	694	368	25	35	649	3	622	2.01e-37	145
GCA_000017945-FLGBHGLA_14140	WP_019850824.1	26.803	638	319	24	36	651	5	516	2.14e-37	143
GCA_000017945-FLGBHGLA_14140	WP_014794526.1	26.803	638	319	24	36	651	5	516	2.16e-37	143
GCA_000017945-FLGBHGLA_14140	WP_029004862.1	25.551	681	358	29	19	641	1	590	2.57e-37	144
GCA_000017945-FLGBHGLA_14140	WP_014064532.1	24.923	650	359	22	36	649	7	563	3.63e-37	144
GCA_000017945-FLGBHGLA_14140	WP_012513102.1	25.286	700	363	24	33	650	2	623	3.94e-37	144
GCA_000017945-FLGBHGLA_14140	WP_014891816.1	25.228	658	371	22	24	641	33	609	4.34e-37	144
GCA_000017945-FLGBHGLA_14140	WP_013119172.1	25.039	635	335	21	35	651	4	515	4.60e-37	142
GCA_000017945-FLGBHGLA_14140	WP_015262676.1	26.709	629	311	23	36	641	5	506	6.36e-37	142
GCA_000017945-FLGBHGLA_14140	WP_012992146.1	25.894	699	360	28	34	651	2	623	6.93e-37	143
GCA_000017945-FLGBHGLA_14140	WP_018391449.1	25.371	674	369	25	19	641	1	591	8.00e-37	143
GCA_000017945-FLGBHGLA_14140	WP_015774148.1	27.360	625	298	30	35	641	14	500	1.02e-36	141
GCA_000017945-FLGBHGLA_14140	WP_010880393.1	24.714	700	360	25	36	649	4	622	1.13e-36	143
GCA_000017945-FLGBHGLA_14140	WP_015122102.1	24.106	643	341	23	38	654	8	529	1.88e-36	141
GCA_000017945-FLGBHGLA_14140	WP_015137522.1	24.375	640	343	23	38	654	8	529	2.80e-36	140
GCA_000017945-FLGBHGLA_14140	WP_026600032.1	25.076	662	377	22	19	641	1	582	4.16e-36	140
GCA_000017945-FLGBHGLA_14140	WP_028215130.1	25.836	658	381	28	28	641	10	604	5.68e-36	140
GCA_000017945-FLGBHGLA_14140	WP_027371077.1	23.485	660	359	20	36	651	5	562	6.10e-36	140
GCA_000017945-FLGBHGLA_14140	WP_027175156.1	25.502	647	372	26	23	651	9	563	6.16e-36	140
GCA_000017945-FLGBHGLA_14140	WP_012856887.1	25.484	671	370	26	33	662	2	583	6.47e-36	140
GCA_000017945-FLGBHGLA_14140	WP_014826810.1	26.707	659	349	27	33	651	2	566	7.43e-36	139
GCA_000017945-FLGBHGLA_14140	WP_028209126.1	25.419	657	385	26	28	641	10	604	8.61e-36	140
GCA_000017945-FLGBHGLA_14140	WP_011139497.1	25.602	664	372	25	33	663	2	576	1.28e-35	139
GCA_000017945-FLGBHGLA_14140	WP_028728436.1	26.911	654	337	31	33	641	2	559	1.54e-35	139
GCA_000017945-FLGBHGLA_14140	WP_012361536.1	24.394	660	352	26	19	654	1	537	3.47e-35	137
GCA_000017945-FLGBHGLA_14140	WP_028583198.1	26.575	651	336	24	33	641	2	552	5.34e-35	137
GCA_000017945-FLGBHGLA_14140	WP_022666958.1	25.311	644	326	26	36	641	5	531	5.63e-35	137
GCA_000017945-FLGBHGLA_14140	WP_022851983.1	25.758	660	345	26	36	654	5	560	7.04e-35	137
GCA_000017945-FLGBHGLA_14140	WP_015079360.1	23.223	633	359	21	38	654	8	529	1.18e-34	135
GCA_000017945-FLGBHGLA_14140	WP_027859843.1	24.478	670	366	26	25	641	6	588	1.30e-34	136
GCA_000017945-FLGBHGLA_14140	WP_014769320.1	26.657	664	345	28	33	649	2	570	1.51e-34	136
GCA_000017945-FLGBHGLA_14140	WP_015591799.1	26.607	669	325	29	34	641	2	565	1.75e-34	135
GCA_000017945-FLGBHGLA_14140	WP_024954007.1	25.000	660	361	26	33	649	2	570	3.44e-34	135
GCA_000017945-FLGBHGLA_14140	WP_008275259.1	24.649	641	340	25	38	654	8	529	4.99e-34	134
GCA_000017945-FLGBHGLA_14140	WP_012965344.1	25.189	663	342	28	34	641	2	565	5.66e-34	134
GCA_000017945-FLGBHGLA_14140	WP_025344560.1	26.133	662	351	27	33	649	2	570	6.81e-34	134
GCA_000017945-FLGBHGLA_14140	WP_020176873.1	25.625	640	335	26	38	654	11	532	3.15e-32	128
GCA_000017945-FLGBHGLA_14140	WP_028575942.1	27.670	618	289	34	35	633	14	492	2.74e-31	125
GCA_000017945-FLGBHGLA_14140	WP_014261065.1	26.282	624	286	30	33	633	5	477	2.86e-31	125
GCA_000017945-FLGBHGLA_14140	WP_017656008.1	23.592	657	327	25	38	654	8	529	1.15e-30	124
GCA_000017945-FLGBHGLA_14140	WP_024335307.1	25.902	610	302	26	31	633	14	480	1.03e-29	120
GCA_000017945-FLGBHGLA_14140	WP_012798421.1	25.000	644	344	24	38	653	6	538	1.20e-29	120
GCA_000017945-FLGBHGLA_14140	WP_015851925.1	25.796	628	291	24	30	633	11	487	1.49e-29	120
GCA_000017945-FLGBHGLA_14140	WP_025697751.1	22.617	619	302	21	34	641	2	454	2.42e-29	119
GCA_000017945-FLGBHGLA_14140	WP_006278427.1	22.713	634	361	21	38	654	8	529	6.53e-29	118
GCA_000017945-FLGBHGLA_14140	WP_015614971.1	23.263	619	298	28	34	641	2	454	1.04e-28	117
GCA_000017945-FLGBHGLA_14140	WP_010233943.1	23.263	619	298	28	34	641	2	454	1.37e-28	117
GCA_000017945-FLGBHGLA_14140	WP_027360998.1	26.384	614	307	26	31	633	13	492	2.55e-28	116
GCA_000017945-FLGBHGLA_14140	WP_027722757.1	26.136	616	304	25	30	633	11	487	4.96e-27	112
GCA_000017945-FLGBHGLA_14140	WP_015739219.1	24.138	609	298	25	35	633	4	458	6.15e-27	111
GCA_000017945-FLGBHGLA_14140	WP_015336980.1	26.817	619	296	27	30	633	11	487	7.40e-26	108
GCA_000017945-FLGBHGLA_14140	WP_015739752.1	27.654	405	199	21	35	429	4	324	1.51e-25	107
GCA_000017945-FLGBHGLA_14140	WP_021169773.1	26.126	333	181	13	38	361	6	282	2.00e-24	103
GCA_000017945-FLGBHGLA_14140	WP_022664892.1	29.787	282	150	11	31	290	14	269	1.00e-23	102
GCA_000017945-FLGBHGLA_14140	WP_004071552.1	30.901	233	128	8	35	262	20	224	3.69e-23	100
GCA_000017945-FLGBHGLA_14140	WP_004378930.1	31.522	276	128	9	383	652	347	567	8.33e-23	100
GCA_000017945-FLGBHGLA_14140	WP_020589054.1	30.638	235	130	8	35	264	18	224	8.87e-23	99.4
GCA_000017945-FLGBHGLA_14140	WP_018702099.1	30.903	288	129	11	383	649	383	621	1.31e-22	99.8
GCA_000017945-FLGBHGLA_14140	WP_006690835.1	30.303	297	135	13	374	649	377	622	1.49e-22	99.8
GCA_000017945-FLGBHGLA_14140	WP_027623849.1	28.676	272	147	11	36	296	5	240	1.98e-22	98.2
GCA_000017945-FLGBHGLA_14140	WP_025306136.1	29.180	305	138	13	383	660	384	637	3.06e-22	98.6
GCA_000017945-FLGBHGLA_14140	WP_015261076.1	31.136	273	116	11	383	641	342	556	3.69e-22	98.2
GCA_000017945-FLGBHGLA_14140	WP_027937761.1	30.903	288	129	11	383	649	383	621	7.87e-22	97.4
GCA_000017945-FLGBHGLA_14140	WP_006696448.1	30.208	288	131	11	383	649	384	622	1.86e-21	96.3
GCA_000017945-FLGBHGLA_14140	WP_029968792.1	28.696	230	134	6	31	255	17	221	2.06e-21	95.1
GCA_000017945-FLGBHGLA_14140	WP_027713781.1	29.655	290	134	11	374	651	335	566	2.14e-21	95.5
GCA_000017945-FLGBHGLA_14140	WP_020745479.1	27.541	305	157	12	343	641	342	588	2.57e-21	95.5
GCA_000017945-FLGBHGLA_14140	WP_005638557.1	29.044	272	137	10	384	651	346	565	2.85e-21	95.1
GCA_000017945-FLGBHGLA_14140	WP_004573252.1	32.404	287	120	17	383	649	383	615	3.89e-21	95.1
GCA_000017945-FLGBHGLA_14140	WP_011369403.1	36.154	130	80	2	27	156	4	130	4.20e-21	94.7
GCA_000017945-FLGBHGLA_14140	WP_010939796.1	41.129	124	70	2	30	153	4	124	5.23e-21	94.4
GCA_000017945-FLGBHGLA_14140	WP_005028324.1	29.565	230	137	8	36	264	6	211	5.46e-21	93.6
GCA_000017945-FLGBHGLA_14140	WP_012277350.1	31.718	227	120	9	36	231	5	227	5.74e-21	94.4
GCA_000017945-FLGBHGLA_14140	WP_009380431.1	41.739	115	64	2	36	150	6	117	6.41e-21	93.6
GCA_000017945-FLGBHGLA_14140	WP_006305436.1	29.866	298	135	13	374	649	377	622	8.79e-21	94.0
